position_id,timestamp_entry,timestamp_exit,strategy_name,regime_key,underlying_symbol,entry_underlying_price,exit_underlying_price,entry_cost,exit_value,pnl,pnl_pct,quantity,exit_reason,metadata
02d3a63d-e9f6-4f1f-8257-49563b196daf,2023-02-01 00:00:00,2023-02-03 00:00:00,long_call_spread,bull|transition|low_liquidity|destabilizing,SPY,410.8,412.35,1991.6000000000083,5.20000000001416,-1986.3999999999942,-0.9973890339425516,104,regime_flip,"{'confidence': 0.4182062835, 'require_defined_risk': False, 'current_price': 410.8, 'sigma': 0.008216657963833947, 'forecast_return': 0.008173511835430492, 'realized_vol': 0.16141990128828043, 'regime_penalty': 0.18819283, 'vol_target': 0.15, 'base_kelly_fraction': 0.25, 'max_kelly_fraction': 0.25, 'max_capital_fraction': 0.5, 'raw_dynamic_size': 0.2323133622, 'regime_adjusted_kelly': True, 'regime_state_label': 'state_5', 'regime_state_confidence': 0.9998223314169533, 'kelly_regime_source': 'latent_state', 'kelly_direction_regime': 'state_5', 'kelly_volatility_regime': '', 'kelly_fraction_multiplier': 1.0, 'vault_enabled': True, 'vault_triggered': False, 'vault_size_multiplier': 0.5, 'vault_uncertainty_threshold': 0.03, 'forecast_uncertainty': 0.021060141754191807, 'mtf_overlay_multiplier': 1.0, 'mtf_overlay_signals': '', 'mtf_confluence_score': 0.0, 'mtf_confluence_liquidity_sweep_confirmed': 0.0, 'pool_confluence_score': 0.0, 'orderflow_confluence_score': 0.0, 'fvg_alignment_score': 0.0, 'order_block_alignment_score': 0.0, 'support_resistance_alignment_score': 0.0, 'bullish_candle_pattern_score': 0.0, 'bearish_candle_pattern_score': 0.0, 'hmm_state_allows_sweep_boost': False, 'orderflow_direction_aligned': False, 'size_model': 'kelly_vol_target', 'regime_model': 'hmm', 'regime_confidence': 0.9998223314169533, 'regime_size_mult': 0.9997335129084928, 'regime_trade_allowed': True, 'hmm_confidence': 0.9998223314169533, 'hmm_size_mult': 0.9997335129084928, 'hmm_trade_allowed': True, 'kelly_latent_regime_source': 'hmm', 'matched_legs': [{'side': 'long', 'option_type': 'call', 'strike': 405.0, 'expiry': '2023-03-08', 'bid': 1.1193000000000006, 'ask': 1.1767000000000003, 'mid': 1.1480000000000006, 'symbol': None, 'delta': 0.45, 'gamma': None, 'theta': None, 'vega': None, 'iv': 0.22}, {'side': 'short', 'option_type': 'call', 'strike': 415.0, 'expiry': '2023-03-08', 'bid': 1.0256999999999994, 'ask': 1.0782999999999994, 'mid': 1.0519999999999994, 'symbol': None, 'delta': 0.45, 'gamma': None, 'theta': None, 'vega': None, 'iv': 0.22}], 'reprice_ok': True, 'last_reprice': {'full': False, 'missing_leg_count': 2, 'stale': True}, 'requested_size_fraction': 0.0199946703, 'resolved_quantity': 104, 'risk_capital': 1856.4000000000083, 'entry_cost_breakdown': {'premium_cashflow': 1856.4000000000083, 'commission': 135.20000000000002, 'extra_spread_cost': 0.0, 'underlying_slippage_cost': 0.0, 'market_impact_cost': 0.0, 'total': 0.0}, 'exit_cost_breakdown': {'commission': 135.20000000000002, 'extra_spread_cost': 0.0, 'underlying_slippage_cost': 0.0, 'market_impact_cost': 0.0, 'total': 0.0}}"
bde1ab11-8bce-4077-b980-811a1eeb4925,2023-02-07 00:00:00,2023-02-08 00:00:00,long_call_spread,bull|transition|low_liquidity|destabilizing,SPY,415.19,410.65,1951.949999999991,-1199.5499999999997,-3151.499999999991,-1.614539306847002,165,regime_flip,"{'confidence': 0.4353044805, 'require_defined_risk': False, 'current_price': 415.19, 'sigma': 0.008248087025152624, 'forecast_return': 0.008923399032104973, 'realized_vol': 0.15642632059317607, 'regime_penalty': 0.195887015, 'vol_target': 0.15, 'base_kelly_fraction': 0.25, 'max_kelly_fraction': 0.25, 'max_capital_fraction': 0.5, 'raw_dynamic_size': 0.2397294768, 'regime_adjusted_kelly': True, 'regime_state_label': 'state_5', 'regime_state_confidence': 0.9997774140805431, 'kelly_regime_source': 'latent_state', 'kelly_direction_regime': 'state_5', 'kelly_volatility_regime': '', 'kelly_fraction_multiplier': 1.0, 'vault_enabled': True, 'vault_triggered': False, 'vault_size_multiplier': 0.5, 'vault_uncertainty_threshold': 0.03, 'forecast_uncertainty': 0.0211406976796649, 'mtf_overlay_multiplier': 1.0, 'mtf_overlay_signals': '', 'mtf_confluence_score': 0.0, 'mtf_confluence_liquidity_sweep_confirmed': 0.0, 'pool_confluence_score': 0.0, 'orderflow_confluence_score': 0.0, 'fvg_alignment_score': 0.0, 'order_block_alignment_score': 0.0, 'support_resistance_alignment_score': 0.0, 'bullish_candle_pattern_score': 0.0, 'bearish_candle_pattern_score': 0.0, 'hmm_state_allows_sweep_boost': False, 'orderflow_direction_aligned': False, 'size_model': 'kelly_vol_target', 'regime_model': 'hmm', 'regime_confidence': 0.9997774140805431, 'regime_size_mult': 0.9996661458930605, 'regime_trade_allowed': True, 'hmm_confidence': 0.9997774140805431, 'hmm_size_mult': 0.9996661458930605, 'hmm_trade_allowed': True, 'kelly_latent_regime_source': 'hmm', 'matched_legs': [{'side': 'long', 'option_type': 'call', 'strike': 410.0, 'expiry': '2023-03-14', 'bid': 1.083615, 'ask': 1.139185, 'mid': 1.1114, 'symbol': None, 'delta': 0.45, 'gamma': None, 'theta': None, 'vega': None, 'iv': 0.22}, {'side': 'short', 'option_type': 'call', 'strike': 420.0, 'expiry': '2023-03-14', 'bid': 1.0613850000000002, 'ask': 1.1158150000000002, 'mid': 1.0886000000000002, 'symbol': None, 'delta': 0.45, 'gamma': None, 'theta': None, 'vega': None, 'iv': 0.22}], 'reprice_ok': True, 'last_reprice': {'full': False, 'missing_leg_count': 2, 'stale': True}, 'requested_size_fraction': 0.0199933229, 'resolved_quantity': 165, 'risk_capital': 1737.4499999999907, 'entry_cost_breakdown': {'premium_cashflow': 1737.4499999999907, 'commission': 214.5, 'extra_spread_cost': 0.0, 'underlying_slippage_cost': 0.0, 'market_impact_cost': 0.0, 'total': 0.0}, 'exit_cost_breakdown': {'commission': 214.5, 'extra_spread_cost': 0.0, 'underlying_slippage_cost': 0.0, 'market_impact_cost': 0.0, 'total': 0.0}}"
dbbe954c-b73f-4209-8fa9-b589097ecb43,2023-02-13 00:00:00,2023-02-16 00:00:00,long_call_spread,bull|transition|low_liquidity|destabilizing,SPY,412.83,408.28,-16.490000000000148,-35.59000000000019,-19.10000000000004,-1.1582777440873178,1,regime_flip,"{'confidence': 0.4005011746, 'require_defined_risk': False, 'current_price': 412.83, 'sigma': 0.008537191837279573, 'forecast_return': 0.007603652743000165, 'realized_vol': 0.16707163317978505, 'regime_penalty': 0.18022553, 'vol_target': 0.15, 'base_kelly_fraction': 0.25, 'max_kelly_fraction': 0.25, 'max_capital_fraction': 0.5, 'raw_dynamic_size': 0.2244546204, 'regime_adjusted_kelly': True, 'regime_state_label': 'state_5', 'regime_state_confidence': 0.9998423139079586, 'kelly_regime_source': 'latent_state', 'kelly_direction_regime': 'state_5', 'kelly_volatility_regime': '', 'kelly_fraction_multiplier': 1.0, 'vault_enabled': True, 'vault_triggered': False, 'vault_size_multiplier': 0.5, 'vault_uncertainty_threshold': 0.03, 'forecast_uncertainty': 0.02188170312884044, 'mtf_overlay_multiplier': 1.0, 'mtf_overlay_signals': '', 'mtf_confluence_score': 0.0, 'mtf_confluence_liquidity_sweep_confirmed': 0.0, 'pool_confluence_score': 0.0, 'orderflow_confluence_score': 0.0, 'fvg_alignment_score': 0.0, 'order_block_alignment_score': 0.0, 'support_resistance_alignment_score': 0.0, 'bullish_candle_pattern_score': 0.0, 'bearish_candle_pattern_score': 0.0, 'hmm_state_allows_sweep_boost': False, 'orderflow_direction_aligned': False, 'size_model': 'kelly_vol_target', 'regime_model': 'hmm', 'regime_confidence': 0.9998423139079586, 'regime_size_mult': 0.9997634832943898, 'regime_trade_allowed': True, 'hmm_confidence': 0.9998423139079586, 'hmm_size_mult': 0.9997634832943898, 'hmm_trade_allowed': True, 'kelly_latent_regime_source': 'hmm', 'matched_legs': [{'side': 'long', 'option_type': 'call', 'strike': 410.0, 'expiry': '2023-03-20', 'bid': 0.9455549999999991, 'ask': 0.9940449999999992, 'mid': 0.9697999999999991, 'symbol': None, 'delta': 0.45, 'gamma': None, 'theta': None, 'vega': None, 'iv': 0.22}, {'side': 'short', 'option_type': 'call', 'strike': 420.0, 'expiry': '2023-03-20', 'bid': 1.1994450000000008, 'ask': 1.260955000000001, 'mid': 1.2302000000000008, 'symbol': None, 'delta': 0.45, 'gamma': None, 'theta': None, 'vega': None, 'iv': 0.22}], 'reprice_ok': True, 'last_reprice': {'full': False, 'missing_leg_count': 2, 'stale': True}, 'requested_size_fraction': 0.0199952697, 'resolved_quantity': 1, 'risk_capital': 982.2099999999998, 'entry_cost_breakdown': {'premium_cashflow': -17.79000000000015, 'commission': 1.3, 'extra_spread_cost': 0.0, 'underlying_slippage_cost': 0.0, 'market_impact_cost': 0.0, 'total': 0.0}, 'exit_cost_breakdown': {'commission': 1.3, 'extra_spread_cost': 0.0, 'underlying_slippage_cost': 0.0, 'market_impact_cost': 0.0, 'total': 0.0}}"
79e686b9-96c7-4190-ace5-c504e127992a,2023-03-03 00:00:00,2023-03-09 00:00:00,long_strangle,range|transition|low_liquidity|destabilizing,SPY,404.19,391.56,1097.3274999999996,1005.4725000000001,-91.85499999999962,-0.08370791764536992,5,regime_flip,"{'confidence': 0.2186687083, 'require_defined_risk': False, 'current_price': 404.19, 'sigma': 0.007067602821626872, 'forecast_return': 0.002760202933393191, 'realized_vol': 0.14747013129202385, 'regime_penalty': 0.09840092, 'vol_target': 0.15, 'base_kelly_fraction': 0.25, 'max_kelly_fraction': 0.25, 'max_capital_fraction': 0.5, 'raw_dynamic_size': 0.1290981657, 'regime_adjusted_kelly': True, 'regime_state_label': 'state_5', 'regime_state_confidence': 0.9981139670753665, 'kelly_regime_source': 'latent_state', 'kelly_direction_regime': 'state_5', 'kelly_volatility_regime': '', 'kelly_fraction_multiplier': 1.0, 'vault_enabled': True, 'vault_triggered': False, 'vault_size_multiplier': 0.5, 'vault_uncertainty_threshold': 0.03, 'forecast_uncertainty': 0.018114994921406703, 'mtf_overlay_multiplier': 1.0, 'mtf_overlay_signals': '', 'mtf_confluence_score': 0.0, 'mtf_confluence_liquidity_sweep_confirmed': 0.0, 'pool_confluence_score': 0.0, 'orderflow_confluence_score': 0.0, 'fvg_alignment_score': 0.0, 'order_block_alignment_score': 0.0, 'support_resistance_alignment_score': 0.0, 'bullish_candle_pattern_score': 0.0, 'bearish_candle_pattern_score': 0.0, 'hmm_state_allows_sweep_boost': False, 'orderflow_direction_aligned': False, 'size_model': 'kelly_vol_target', 'regime_model': 'hmm', 'regime_confidence': 0.9981139670753665, 'regime_size_mult': 0.9971727291731461, 'regime_trade_allowed': True, 'hmm_confidence': 0.9981139670753665, 'hmm_size_mult': 0.9971727291731461, 'hmm_trade_allowed': True, 'kelly_latent_regime_source': 'hmm', 'matched_legs': [{'side': 'long', 'option_type': 'put', 'strike': 400.0, 'expiry': '2023-04-07', 'bid': 1.025115, 'ask': 1.0776849999999998, 'mid': 1.0514, 'symbol': None, 'delta': -0.45, 'gamma': None, 'theta': None, 'vega': None, 'iv': 0.22}, {'side': 'long', 'option_type': 'call', 'strike': 400.0, 'expiry': '2023-04-07', 'bid': 1.025115, 'ask': 1.0776849999999998, 'mid': 1.0514, 'symbol': None, 'delta': 0.45, 'gamma': None, 'theta': None, 'vega': None, 'iv': 0.22}], 'reprice_ok': True, 'last_reprice': {'full': False, 'missing_leg_count': 2, 'stale': True}, 'requested_size_fraction': 0.0126674624, 'resolved_quantity': 5, 'risk_capital': 1090.8274999999996, 'entry_cost_breakdown': {'premium_cashflow': 1090.8274999999996, 'commission': 6.5, 'extra_spread_cost': 0.0, 'underlying_slippage_cost': 0.0, 'market_impact_cost': 0.0, 'total': 0.0}, 'exit_cost_breakdown': {'commission': 6.5, 'extra_spread_cost': 0.0, 'underlying_slippage_cost': 0.0, 'market_impact_cost': 0.0, 'total': 0.0}}"
2e9d380b-d491-4e5d-8957-be16b799bf1d,2023-03-29 00:00:00,2023-03-31 00:00:00,long_strangle,range|transition|low_liquidity|destabilizing,SPY,401.35,409.39,688.6500000000001,631.3499999999999,-57.30000000000015,-0.08320627314310629,3,regime_flip,"{'confidence': 0.2431621874, 'require_defined_risk': False, 'current_price': 401.35, 'sigma': 0.007610101930550269, 'forecast_return': 0.003741620654946563, 'realized_vol': 0.1869812738555971, 'regime_penalty': 0.1094229867, 'vol_target': 0.15, 'base_kelly_fraction': 0.25, 'max_kelly_fraction': 0.25, 'max_capital_fraction': 0.5, 'raw_dynamic_size': 0.0858532363, 'regime_adjusted_kelly': True, 'regime_state_label': 'state_5', 'regime_state_confidence': 0.9999151032296634, 'kelly_regime_source': 'latent_state', 'kelly_direction_regime': 'state_5', 'kelly_volatility_regime': '', 'kelly_fraction_multiplier': 1.0, 'vault_enabled': True, 'vault_triggered': False, 'vault_size_multiplier': 0.5, 'vault_uncertainty_threshold': 0.03, 'forecast_uncertainty': 0.019505476086101366, 'mtf_overlay_multiplier': 1.0, 'mtf_overlay_signals': '', 'mtf_confluence_score': 0.0, 'mtf_confluence_liquidity_sweep_confirmed': 0.0, 'pool_confluence_score': 0.0, 'orderflow_confluence_score': 0.0, 'fvg_alignment_score': 0.0, 'order_block_alignment_score': 0.0, 'support_resistance_alignment_score': 0.0, 'bullish_candle_pattern_score': 0.0, 'bearish_candle_pattern_score': 0.0, 'hmm_state_allows_sweep_boost': False, 'orderflow_direction_aligned': False, 'size_model': 'kelly_vol_target', 'regime_model': 'hmm', 'regime_confidence': 0.9999151032296634, 'regime_size_mult': 0.9998726584482258, 'regime_trade_allowed': True, 'hmm_confidence': 0.9999151032296634, 'hmm_size_mult': 0.9998726584482258, 'hmm_trade_allowed': True, 'kelly_latent_regime_source': 'hmm', 'matched_legs': [{'side': 'long', 'option_type': 'put', 'strike': 395.0, 'expiry': '2023-05-03', 'bid': 1.1514750000000014, 'ask': 1.2105250000000014, 'mid': 1.1810000000000014, 'symbol': None, 'delta': -0.45, 'gamma': None, 'theta': None, 'vega': None, 'iv': 0.22}, {'side': 'long', 'option_type': 'call', 'strike': 405.0, 'expiry': '2023-05-03', 'bid': 0.9935249999999988, 'ask': 1.0444749999999987, 'mid': 1.0189999999999988, 'symbol': None, 'delta': 0.45, 'gamma': None, 'theta': None, 'vega': None, 'iv': 0.22}], 'reprice_ok': True, 'last_reprice': {'full': False, 'missing_leg_count': 2, 'stale': True}, 'requested_size_fraction': 0.0093931212, 'resolved_quantity': 3, 'risk_capital': 684.7500000000001, 'entry_cost_breakdown': {'premium_cashflow': 684.7500000000001, 'commission': 3.9000000000000004, 'extra_spread_cost': 0.0, 'underlying_slippage_cost': 0.0, 'market_impact_cost': 0.0, 'total': 0.0}, 'exit_cost_breakdown': {'commission': 3.9000000000000004, 'extra_spread_cost': 0.0, 'underlying_slippage_cost': 0.0, 'market_impact_cost': 0.0, 'total': 0.0}}"
9af76014-f426-4e79-8725-374bc2aefbfb,2023-03-30 00:00:00,2023-03-31 00:00:00,long_strangle,range|transition|low_liquidity|destabilizing,SPY,403.7,409.39,640.0949999999996,586.3049999999996,-53.789999999999935,-0.0840344011435802,3,regime_flip,"{'confidence': 0.2407820265, 'require_defined_risk': False, 'current_price': 403.7, 'sigma': 0.007577813511904821, 'forecast_return': 0.002832052207392544, 'realized_vol': 0.18620719704758934, 'regime_penalty': 0.1083519133, 'vol_target': 0.15, 'base_kelly_fraction': 0.25, 'max_kelly_fraction': 0.25, 'max_capital_fraction': 0.5, 'raw_dynamic_size': 0.0657965505, 'regime_adjusted_kelly': True, 'regime_state_label': 'state_5', 'regime_state_confidence': 0.9999324305996745, 'kelly_regime_source': 'latent_state', 'kelly_direction_regime': 'state_5', 'kelly_volatility_regime': '', 'kelly_fraction_multiplier': 1.0, 'vault_enabled': True, 'vault_triggered': False, 'vault_size_multiplier': 0.5, 'vault_uncertainty_threshold': 0.03, 'forecast_uncertainty': 0.0194227175391733, 'mtf_overlay_multiplier': 1.0, 'mtf_overlay_signals': '', 'mtf_confluence_score': 0.0, 'mtf_confluence_liquidity_sweep_confirmed': 0.0, 'pool_confluence_score': 0.0, 'orderflow_confluence_score': 0.0, 'fvg_alignment_score': 0.0, 'order_block_alignment_score': 0.0, 'support_resistance_alignment_score': 0.0, 'bullish_candle_pattern_score': 0.0, 'bearish_candle_pattern_score': 0.0, 'hmm_state_allows_sweep_boost': False, 'orderflow_direction_aligned': False, 'size_model': 'kelly_vol_target', 'regime_model': 'hmm', 'regime_confidence': 0.9999324305996745, 'regime_size_mult': 0.9998986481823237, 'regime_trade_allowed': True, 'hmm_confidence': 0.9999324305996745, 'hmm_size_mult': 0.9998986481823237, 'hmm_trade_allowed': True, 'kelly_latent_regime_source': 'hmm', 'matched_legs': [{'side': 'long', 'option_type': 'put', 'strike': 400.0, 'expiry': '2023-05-04', 'bid': 0.9964499999999994, 'ask': 1.047549999999999, 'mid': 1.0219999999999994, 'symbol': None, 'delta': -0.45, 'gamma': None, 'theta': None, 'vega': None, 'iv': 0.22}, {'side': 'long', 'option_type': 'call', 'strike': 400.0, 'expiry': '2023-05-04', 'bid': 0.9964499999999994, 'ask': 1.047549999999999, 'mid': 1.0219999999999994, 'symbol': None, 'delta': 0.45, 'gamma': None, 'theta': None, 'vega': None, 'iv': 0.22}], 'reprice_ok': True, 'last_reprice': {'full': False, 'missing_leg_count': 2, 'stale': True}, 'requested_size_fraction': 0.0071284595, 'resolved_quantity': 3, 'risk_capital': 636.1949999999995, 'entry_cost_breakdown': {'premium_cashflow': 636.1949999999995, 'commission': 3.9000000000000004, 'extra_spread_cost': 0.0, 'underlying_slippage_cost': 0.0, 'market_impact_cost': 0.0, 'total': 0.0}, 'exit_cost_breakdown': {'commission': 3.9000000000000004, 'extra_spread_cost': 0.0, 'underlying_slippage_cost': 0.0, 'market_impact_cost': 0.0, 'total': 0.0}}"
f76d1c83-c5cb-421d-8936-a24ce8bc31f0,2023-08-29 00:00:00,2023-09-11 00:00:00,long_strangle,range|transition|low_liquidity|destabilizing,SPY,449.16,448.45,480.01599999999934,440.3039999999995,-39.71199999999982,-0.08273057564747816,2,regime_flip,"{'confidence': 0.2258430029, 'require_defined_risk': False, 'current_price': 449.16, 'sigma': 0.0035479682635196556, 'forecast_return': 0.002393753049466817, 'realized_vol': 0.127657300219478, 'regime_penalty': 0.1016293533, 'vol_target': 0.15, 'base_kelly_fraction': 0.25, 'max_kelly_fraction': 0.25, 'max_capital_fraction': 0.5, 'raw_dynamic_size': 0.1725971568, 'regime_adjusted_kelly': True, 'regime_state_label': 'state_3', 'regime_state_confidence': 0.606040190463143, 'kelly_regime_source': 'latent_state', 'kelly_direction_regime': 'state_3', 'kelly_volatility_regime': '', 'kelly_fraction_multiplier': 1.0, 'vault_enabled': True, 'vault_triggered': False, 'vault_size_multiplier': 0.5, 'vault_uncertainty_threshold': 0.03, 'forecast_uncertainty': 0.009093808565232344, 'mtf_overlay_multiplier': 1.0, 'mtf_overlay_signals': '', 'mtf_confluence_score': 0.0, 'mtf_confluence_liquidity_sweep_confirmed': 0.0, 'pool_confluence_score': 0.0, 'orderflow_confluence_score': 0.0, 'fvg_alignment_score': 0.0, 'order_block_alignment_score': 0.0, 'support_resistance_alignment_score': 0.0, 'bullish_candle_pattern_score': 0.0, 'bearish_candle_pattern_score': 0.0, 'hmm_state_allows_sweep_boost': False, 'orderflow_direction_aligned': False, 'size_model': 'kelly_vol_target', 'regime_model': 'hmm', 'regime_confidence': 0.606040190463143, 'regime_size_mult': 0.48666245145987275, 'regime_trade_allowed': True, 'hmm_confidence': 0.606040190463143, 'hmm_size_mult': 0.48666245145987275, 'hmm_trade_allowed': True, 'kelly_latent_regime_source': 'hmm', 'matched_legs': [{'side': 'long', 'option_type': 'put', 'strike': 455.0, 'expiry': '2023-10-03', 'bid': 1.1216399999999986, 'ask': 1.1791599999999984, 'mid': 1.1503999999999985, 'symbol': None, 'delta': -0.45, 'gamma': None, 'theta': None, 'vega': None, 'iv': 0.22}, {'side': 'long', 'option_type': 'call', 'strike': 455.0, 'expiry': '2023-10-03', 'bid': 1.1216399999999986, 'ask': 1.1791599999999984, 'mid': 1.1503999999999985, 'symbol': None, 'delta': 0.45, 'gamma': None, 'theta': None, 'vega': None, 'iv': 0.22}], 'reprice_ok': True, 'last_reprice': {'full': False, 'missing_leg_count': 2, 'stale': True}, 'requested_size_fraction': 0.0072999368, 'resolved_quantity': 2, 'risk_capital': 477.4159999999993, 'entry_cost_breakdown': {'premium_cashflow': 477.4159999999993, 'commission': 2.6, 'extra_spread_cost': 0.0, 'underlying_slippage_cost': 0.0, 'market_impact_cost': 0.0, 'total': 0.0}, 'exit_cost_breakdown': {'commission': 2.6, 'extra_spread_cost': 0.0, 'underlying_slippage_cost': 0.0, 'market_impact_cost': 0.0, 'total': 0.0}}"
ca3ae0ea-9d02-44d4-ad19-2d21db722578,2023-10-11 00:00:00,2023-10-19 00:00:00,long_strangle,range|transition|low_liquidity|destabilizing,SPY,436.32,426.43,688.6500000000001,631.3499999999999,-57.30000000000007,-0.08320627314310616,3,regime_flip,"{'confidence': 0.1834561613, 'require_defined_risk': False, 'current_price': 436.32, 'sigma': 0.00437757847663492, 'forecast_return': 0.001636754881350024, 'realized_vol': 0.13229903719938735, 'regime_penalty': 0.0825552733, 'vol_target': 0.15, 'base_kelly_fraction': 0.25, 'max_kelly_fraction': 0.25, 'max_capital_fraction': 0.5, 'raw_dynamic_size': 0.1060241631, 'regime_adjusted_kelly': True, 'regime_state_label': 'state_5', 'regime_state_confidence': 0.9970140443784743, 'kelly_regime_source': 'latent_state', 'kelly_direction_regime': 'state_5', 'kelly_volatility_regime': '', 'kelly_fraction_multiplier': 1.0, 'vault_enabled': True, 'vault_triggered': False, 'vault_size_multiplier': 0.5, 'vault_uncertainty_threshold': 0.03, 'forecast_uncertainty': 0.011220185100051657, 'mtf_overlay_multiplier': 1.0, 'mtf_overlay_signals': '', 'mtf_confluence_score': 0.0, 'mtf_confluence_liquidity_sweep_confirmed': 0.0, 'pool_confluence_score': 0.0, 'orderflow_confluence_score': 0.0, 'fvg_alignment_score': 0.0, 'order_block_alignment_score': 0.0, 'support_resistance_alignment_score': 0.0, 'bullish_candle_pattern_score': 0.0, 'bearish_candle_pattern_score': 0.0, 'hmm_state_allows_sweep_boost': False, 'orderflow_direction_aligned': False, 'size_model': 'kelly_vol_target', 'regime_model': 'hmm', 'regime_confidence': 0.9970140443784743, 'regime_size_mult': 0.9955255245331983, 'regime_trade_allowed': True, 'hmm_confidence': 0.9970140443784743, 'hmm_size_mult': 0.9955255245331983, 'hmm_trade_allowed': True, 'kelly_latent_regime_source': 'hmm', 'matched_legs': [{'side': 'long', 'option_type': 'put', 'strike': 430.0, 'expiry': '2023-11-15', 'bid': 1.1497199999999996, 'ask': 1.2086799999999995, 'mid': 1.1791999999999996, 'symbol': None, 'delta': -0.45, 'gamma': None, 'theta': None, 'vega': None, 'iv': 0.22}, {'side': 'long', 'option_type': 'call', 'strike': 440.0, 'expiry': '2023-11-15', 'bid': 0.9952800000000004, 'ask': 1.0463200000000004, 'mid': 1.0208000000000004, 'symbol': None, 'delta': 0.45, 'gamma': None, 'theta': None, 'vega': None, 'iv': 0.22}], 'reprice_ok': True, 'last_reprice': {'full': False, 'missing_leg_count': 2, 'stale': True}, 'requested_size_fraction': 0.0087136894, 'resolved_quantity': 3, 'risk_capital': 684.75, 'entry_cost_breakdown': {'premium_cashflow': 684.75, 'commission': 3.9000000000000004, 'extra_spread_cost': 0.0, 'underlying_slippage_cost': 0.0, 'market_impact_cost': 0.0, 'total': 0.0}, 'exit_cost_breakdown': {'commission': 3.9000000000000004, 'extra_spread_cost': 0.0, 'underlying_slippage_cost': 0.0, 'market_impact_cost': 0.0, 'total': 0.0}}"
91786fa0-431e-4a48-b2df-f5281fe2282c,2023-10-17 00:00:00,2023-10-19 00:00:00,long_strangle,range|transition|low_liquidity|destabilizing,SPY,436.02,426.43,726.7469999999992,666.6929999999995,-60.053999999999746,-0.08263398404121354,3,regime_flip,"{'confidence': 0.1965537824, 'require_defined_risk': False, 'current_price': 436.02, 'sigma': 0.004002940402336175, 'forecast_return': 0.001814910216705748, 'realized_vol': 0.12581515643094376, 'regime_penalty': 0.0884492, 'vol_target': 0.15, 'base_kelly_fraction': 0.25, 'max_kelly_fraction': 0.25, 'max_capital_fraction': 0.5, 'raw_dynamic_size': 0.1366933914, 'regime_adjusted_kelly': True, 'regime_state_label': 'state_5', 'regime_state_confidence': 0.7756545963454092, 'kelly_regime_source': 'latent_state', 'kelly_direction_regime': 'state_5', 'kelly_volatility_regime': '', 'kelly_fraction_multiplier': 1.0, 'vault_enabled': True, 'vault_triggered': False, 'vault_size_multiplier': 0.5, 'vault_uncertainty_threshold': 0.03, 'forecast_uncertainty': 0.010259949078791315, 'mtf_overlay_multiplier': 1.0, 'mtf_overlay_signals': '', 'mtf_confluence_score': 0.0, 'mtf_confluence_liquidity_sweep_confirmed': 0.0, 'pool_confluence_score': 0.0, 'orderflow_confluence_score': 0.0, 'fvg_alignment_score': 0.0, 'order_block_alignment_score': 0.0, 'support_resistance_alignment_score': 0.0, 'bullish_candle_pattern_score': 0.0, 'bearish_candle_pattern_score': 0.0, 'hmm_state_allows_sweep_boost': False, 'orderflow_direction_aligned': False, 'size_model': 'kelly_vol_target', 'regime_model': 'hmm', 'regime_confidence': 0.7756545963454092, 'regime_size_mult': 0.6886473245885846, 'regime_trade_allowed': True, 'hmm_confidence': 0.7756545963454092, 'hmm_size_mult': 0.6886473245885846, 'hmm_trade_allowed': True, 'kelly_latent_regime_source': 'hmm', 'matched_legs': [{'side': 'long', 'option_type': 'put', 'strike': 430.0, 'expiry': '2023-11-21', 'bid': 1.132169999999999, 'ask': 1.1902299999999988, 'mid': 1.161199999999999, 'symbol': None, 'delta': -0.45, 'gamma': None, 'theta': None, 'vega': None, 'iv': 0.22}, {'side': 'long', 'option_type': 'call', 'strike': 430.0, 'expiry': '2023-11-21', 'bid': 1.132169999999999, 'ask': 1.1902299999999988, 'mid': 1.161199999999999, 'symbol': None, 'delta': 0.45, 'gamma': None, 'theta': None, 'vega': None, 'iv': 0.22}], 'reprice_ok': True, 'last_reprice': {'full': False, 'missing_leg_count': 2, 'stale': True}, 'requested_size_fraction': 0.0083260361, 'resolved_quantity': 3, 'risk_capital': 722.8469999999992, 'entry_cost_breakdown': {'premium_cashflow': 722.8469999999992, 'commission': 3.9000000000000004, 'extra_spread_cost': 0.0, 'underlying_slippage_cost': 0.0, 'market_impact_cost': 0.0, 'total': 0.0}, 'exit_cost_breakdown': {'commission': 3.9000000000000004, 'extra_spread_cost': 0.0, 'underlying_slippage_cost': 0.0, 'market_impact_cost': 0.0, 'total': 0.0}}"
230df9e8-0f38-40f1-a7b2-e5a03275d166,2023-12-26 00:00:00,2023-12-27 00:00:00,long_call_spread,bull|transition|low_liquidity|destabilizing,SPY,475.65,476.51,1023.6499999999847,-103.25000000001442,-1126.8999999999992,-1.1008645533141366,59,zone_breach,"{'confidence': 0.3264480511, 'require_defined_risk': False, 'current_price': 475.65, 'sigma': 0.003782717578410472, 'forecast_return': 0.0035422331905735076, 'realized_vol': 0.09445859821343652, 'regime_penalty': 0.146901625, 'vol_target': 0.15, 'base_kelly_fraction': 0.25, 'max_kelly_fraction': 0.25, 'max_capital_fraction': 0.5, 'raw_dynamic_size': 0.3969993278, 'regime_adjusted_kelly': True, 'regime_state_label': 'state_0', 'regime_state_confidence': 0.6620483273180554, 'kelly_regime_source': 'latent_state', 'kelly_direction_regime': 'state_0', 'kelly_volatility_regime': '', 'kelly_fraction_multiplier': 1.0, 'vault_enabled': True, 'vault_triggered': False, 'vault_size_multiplier': 0.5, 'vault_uncertainty_threshold': 0.03, 'forecast_uncertainty': 0.009695495269250039, 'mtf_overlay_multiplier': 1.0, 'mtf_overlay_signals': '', 'mtf_confluence_score': 0.0, 'mtf_confluence_liquidity_sweep_confirmed': 0.0, 'pool_confluence_score': 0.0, 'orderflow_confluence_score': 0.0, 'fvg_alignment_score': 0.0, 'order_block_alignment_score': 0.0, 'support_resistance_alignment_score': 0.0, 'bullish_candle_pattern_score': 0.0, 'bearish_candle_pattern_score': 0.0, 'hmm_state_allows_sweep_boost': False, 'orderflow_direction_aligned': False, 'size_model': 'kelly_vol_target', 'regime_model': 'hmm', 'regime_confidence': 0.6620483273180554, 'regime_size_mult': 0.5501781575113451, 'regime_trade_allowed': True, 'hmm_confidence': 0.6620483273180554, 'hmm_size_mult': 0.5501781575113451, 'hmm_trade_allowed': True, 'kelly_latent_regime_source': 'hmm', 'matched_legs': [{'side': 'long', 'option_type': 'call', 'strike': 470.0, 'expiry': '2024-01-30', 'bid': 1.1105249999999989, 'ask': 1.1674749999999987, 'mid': 1.138999999999999, 'symbol': None, 'delta': 0.45, 'gamma': None, 'theta': None, 'vega': None, 'iv': 0.22}, {'side': 'short', 'option_type': 'call', 'strike': 480.0, 'expiry': '2024-01-30', 'bid': 1.0344750000000011, 'ask': 1.0875250000000014, 'mid': 1.0610000000000013, 'symbol': None, 'delta': 0.45, 'gamma': None, 'theta': None, 'vega': None, 'iv': 0.22}], 'reprice_ok': True, 'last_reprice': {'full': False, 'missing_leg_count': 2, 'stale': True}, 'requested_size_fraction': 0.0110035632, 'resolved_quantity': 59, 'risk_capital': 946.9499999999847, 'entry_cost_breakdown': {'premium_cashflow': 946.9499999999847, 'commission': 76.7, 'extra_spread_cost': 0.0, 'underlying_slippage_cost': 0.0, 'market_impact_cost': 0.0, 'total': 0.0}, 'exit_cost_breakdown': {'commission': 76.7, 'extra_spread_cost': 0.0, 'underlying_slippage_cost': 0.0, 'market_impact_cost': 0.0, 'total': 0.0}}"
07acec8c-3468-44fa-b9d4-9f6ded43a81f,2024-01-29 00:00:00,2024-01-30 00:00:00,long_call_spread,bull|transition|low_liquidity|destabilizing,SPY,491.27,490.89,1437.8199999999858,330.0199999999865,-1107.7999999999993,-0.7704719645018223,58,regime_flip,"{'confidence': 0.3744853682, 'require_defined_risk': False, 'current_price': 491.27, 'sigma': 0.0030338754064771997, 'forecast_return': 0.004164841147130556, 'realized_vol': 0.0937706289783117, 'regime_penalty': 0.168518415, 'vol_target': 0.15, 'base_kelly_fraction': 0.25, 'max_kelly_fraction': 0.25, 'max_capital_fraction': 0.5, 'raw_dynamic_size': 0.3999120024, 'regime_adjusted_kelly': True, 'regime_state_label': 'state_0', 'regime_state_confidence': 0.8413264651709316, 'kelly_regime_source': 'latent_state', 'kelly_direction_regime': 'state_0', 'kelly_volatility_regime': '', 'kelly_fraction_multiplier': 1.0, 'vault_enabled': True, 'vault_triggered': False, 'vault_size_multiplier': 0.5, 'vault_uncertainty_threshold': 0.03, 'forecast_uncertainty': 0.007776135553676232, 'mtf_overlay_multiplier': 1.0, 'mtf_overlay_signals': '', 'mtf_confluence_score': 0.0, 'mtf_confluence_liquidity_sweep_confirmed': 0.0, 'pool_confluence_score': 0.0, 'orderflow_confluence_score': 0.0, 'fvg_alignment_score': 0.0, 'order_block_alignment_score': 0.0, 'support_resistance_alignment_score': 0.0, 'bullish_candle_pattern_score': 0.0, 'bearish_candle_pattern_score': 0.0, 'hmm_state_allows_sweep_boost': False, 'orderflow_direction_aligned': False, 'size_model': 'kelly_vol_target', 'regime_model': 'hmm', 'regime_confidence': 0.8413264651709316, 'regime_size_mult': 0.7745783430839731, 'regime_trade_allowed': True, 'hmm_confidence': 0.8413264651709316, 'hmm_size_mult': 0.7745783430839731, 'hmm_trade_allowed': True, 'kelly_latent_regime_source': 'hmm', 'matched_legs': [{'side': 'long', 'option_type': 'call', 'strike': 485.0, 'expiry': '2024-03-04', 'bid': 1.146794999999999, 'ask': 1.2056049999999987, 'mid': 1.1761999999999988, 'symbol': None, 'delta': 0.45, 'gamma': None, 'theta': None, 'vega': None, 'iv': 0.22}, {'side': 'short', 'option_type': 'call', 'strike': 495.0, 'expiry': '2024-03-04', 'bid': 0.9982050000000012, 'ask': 1.0493950000000012, 'mid': 1.0238000000000012, 'symbol': None, 'delta': 0.45, 'gamma': None, 'theta': None, 'vega': None, 'iv': 0.22}], 'reprice_ok': True, 'last_reprice': {'full': False, 'missing_leg_count': 2, 'stale': True}, 'requested_size_fraction': 0.0154915669, 'resolved_quantity': 58, 'risk_capital': 1362.4199999999857, 'entry_cost_breakdown': {'premium_cashflow': 1362.4199999999857, 'commission': 75.4, 'extra_spread_cost': 0.0, 'underlying_slippage_cost': 0.0, 'market_impact_cost': 0.0, 'total': 0.0}, 'exit_cost_breakdown': {'commission': 75.4, 'extra_spread_cost': 0.0, 'underlying_slippage_cost': 0.0, 'market_impact_cost': 0.0, 'total': 0.0}}"
13da097f-9c89-44d7-954f-0aa8eb888fc9,2024-02-09 00:00:00,2024-02-12 00:00:00,long_call_spread,bull|transition|low_liquidity|destabilizing,SPY,501.2,500.98,1508.8499999999897,305.54999999999234,-1203.2999999999975,-0.7974947807933231,63,regime_flip,"{'confidence': 0.3609486551, 'require_defined_risk': False, 'current_price': 501.2, 'sigma': 0.003131105908160385, 'forecast_return': 0.003593003567508351, 'realized_vol': 0.1082059119784626, 'regime_penalty': 0.162426895, 'vol_target': 0.15, 'base_kelly_fraction': 0.25, 'max_kelly_fraction': 0.25, 'max_capital_fraction': 0.5, 'raw_dynamic_size': 0.3465614708, 'regime_adjusted_kelly': True, 'regime_state_label': 'state_3', 'regime_state_confidence': 0.8801063185429118, 'kelly_regime_source': 'latent_state', 'kelly_direction_regime': 'state_3', 'kelly_volatility_regime': '', 'kelly_fraction_multiplier': 1.0, 'vault_enabled': True, 'vault_triggered': False, 'vault_size_multiplier': 0.5, 'vault_uncertainty_threshold': 0.03, 'forecast_uncertainty': 0.008025347356977778, 'mtf_overlay_multiplier': 1.0, 'mtf_overlay_signals': '', 'mtf_confluence_score': 0.0, 'mtf_confluence_liquidity_sweep_confirmed': 0.0, 'pool_confluence_score': 0.0, 'orderflow_confluence_score': 0.0, 'fvg_alignment_score': 0.0, 'order_block_alignment_score': 0.0, 'support_resistance_alignment_score': 0.0, 'bullish_candle_pattern_score': 0.0, 'bearish_candle_pattern_score': 0.0, 'hmm_state_allows_sweep_boost': False, 'orderflow_direction_aligned': False, 'size_model': 'kelly_vol_target', 'regime_model': 'hmm', 'regime_confidence': 0.8801063185429118, 'regime_size_mult': 0.8273467252410345, 'regime_trade_allowed': True, 'hmm_confidence': 0.8801063185429118, 'hmm_size_mult': 0.8273467252410345, 'hmm_trade_allowed': True, 'kelly_latent_regime_source': 'hmm', 'matched_legs': [{'side': 'long', 'option_type': 'call', 'strike': 495.0, 'expiry': '2024-03-15', 'bid': 1.1426999999999994, 'ask': 1.2012999999999991, 'mid': 1.1719999999999993, 'symbol': None, 'delta': 0.45, 'gamma': None, 'theta': None, 'vega': None, 'iv': 0.22}, {'side': 'short', 'option_type': 'call', 'strike': 505.0, 'expiry': '2024-03-15', 'bid': 1.0023000000000006, 'ask': 1.0537000000000007, 'mid': 1.0280000000000007, 'symbol': None, 'delta': 0.45, 'gamma': None, 'theta': None, 'vega': None, 'iv': 0.22}], 'reprice_ok': True, 'last_reprice': {'full': False, 'missing_leg_count': 2, 'stale': True}, 'requested_size_fraction': 0.0165469345, 'resolved_quantity': 63, 'risk_capital': 1426.9499999999896, 'entry_cost_breakdown': {'premium_cashflow': 1426.9499999999896, 'commission': 81.9, 'extra_spread_cost': 0.0, 'underlying_slippage_cost': 0.0, 'market_impact_cost': 0.0, 'total': 0.0}, 'exit_cost_breakdown': {'commission': 81.9, 'extra_spread_cost': 0.0, 'underlying_slippage_cost': 0.0, 'market_impact_cost': 0.0, 'total': 0.0}}"
d57b3d72-049f-4dac-944e-e258d05f9f5c,2024-04-05 00:00:00,2024-04-09 00:00:00,long_strangle,range|transition|low_liquidity|destabilizing,SPY,518.43,519.32,996.3860000000025,914.3340000000024,-82.05200000000002,-0.08234961149594616,4,regime_flip,"{'confidence': 0.2192131961, 'require_defined_risk': False, 'current_price': 518.43, 'sigma': 0.002319016144942351, 'forecast_return': 0.0014118858078910705, 'realized_vol': 0.1007577499717942, 'regime_penalty': 0.09864594, 'vol_target': 0.15, 'base_kelly_fraction': 0.25, 'max_kelly_fraction': 0.25, 'max_capital_fraction': 0.5, 'raw_dynamic_size': 0.2070405677, 'regime_adjusted_kelly': True, 'regime_state_label': 'state_3', 'regime_state_confidence': 0.8623952489121354, 'kelly_regime_source': 'latent_state', 'kelly_direction_regime': 'state_3', 'kelly_volatility_regime': '', 'kelly_fraction_multiplier': 1.0, 'vault_enabled': True, 'vault_triggered': False, 'vault_size_multiplier': 0.5, 'vault_uncertainty_threshold': 0.03, 'forecast_uncertainty': 0.005943877542148147, 'mtf_overlay_multiplier': 1.0, 'mtf_overlay_signals': '', 'mtf_confluence_score': 0.0, 'mtf_confluence_liquidity_sweep_confirmed': 0.0, 'pool_confluence_score': 0.0, 'orderflow_confluence_score': 0.0, 'fvg_alignment_score': 0.0, 'order_block_alignment_score': 0.0, 'support_resistance_alignment_score': 0.0, 'bullish_candle_pattern_score': 0.0, 'bearish_candle_pattern_score': 0.0, 'hmm_state_allows_sweep_boost': False, 'orderflow_direction_aligned': False, 'size_model': 'kelly_vol_target', 'regime_model': 'hmm', 'regime_confidence': 0.8623952489121354, 'regime_size_mult': 0.8030604071291797, 'regime_trade_allowed': True, 'hmm_confidence': 0.8623952489121354, 'hmm_size_mult': 0.8030604071291797, 'hmm_trade_allowed': True, 'kelly_latent_regime_source': 'hmm', 'matched_legs': [{'side': 'long', 'option_type': 'put', 'strike': 525.0, 'expiry': '2024-05-10', 'bid': 1.164345000000003, 'ask': 1.224055000000003, 'mid': 1.194200000000003, 'symbol': None, 'delta': -0.45, 'gamma': None, 'theta': None, 'vega': None, 'iv': 0.22}, {'side': 'long', 'option_type': 'call', 'strike': 525.0, 'expiry': '2024-05-10', 'bid': 1.164345000000003, 'ask': 1.224055000000003, 'mid': 1.194200000000003, 'symbol': None, 'delta': 0.45, 'gamma': None, 'theta': None, 'vega': None, 'iv': 0.22}], 'reprice_ok': True, 'last_reprice': {'full': False, 'missing_leg_count': 2, 'stale': True}, 'requested_size_fraction': 0.0120459061, 'resolved_quantity': 4, 'risk_capital': 991.1860000000024, 'entry_cost_breakdown': {'premium_cashflow': 991.1860000000024, 'commission': 5.2, 'extra_spread_cost': 0.0, 'underlying_slippage_cost': 0.0, 'market_impact_cost': 0.0, 'total': 0.0}, 'exit_cost_breakdown': {'commission': 5.2, 'extra_spread_cost': 0.0, 'underlying_slippage_cost': 0.0, 'market_impact_cost': 0.0, 'total': 0.0}}"
6d680d13-e08f-490d-b299-71a1cad306b2,2024-05-06 00:00:00,2024-05-09 00:00:00,long_strangle,range|transition|low_liquidity|destabilizing,SPY,516.57,520.17,918.2,841.8000000000001,-76.39999999999998,-0.08320627314310605,4,regime_flip,"{'confidence': 0.2237285987, 'require_defined_risk': False, 'current_price': 516.57, 'sigma': 0.0039232542942293286, 'forecast_return': 0.002288469717265705, 'realized_vol': 0.14092066240447243, 'regime_penalty': 0.1006778667, 'vol_target': 0.15, 'base_kelly_fraction': 0.25, 'max_kelly_fraction': 0.25, 'max_capital_fraction': 0.5, 'raw_dynamic_size': 0.1226626664, 'regime_adjusted_kelly': True, 'regime_state_label': 'state_5', 'regime_state_confidence': 0.9823779942789184, 'kelly_regime_source': 'latent_state', 'kelly_direction_regime': 'state_5', 'kelly_volatility_regime': '', 'kelly_fraction_multiplier': 1.0, 'vault_enabled': True, 'vault_triggered': False, 'vault_size_multiplier': 0.5, 'vault_uncertainty_threshold': 0.03, 'forecast_uncertainty': 0.010055705365598345, 'mtf_overlay_multiplier': 1.0, 'mtf_overlay_signals': '', 'mtf_confluence_score': 0.0, 'mtf_confluence_liquidity_sweep_confirmed': 0.0, 'pool_confluence_score': 0.0, 'orderflow_confluence_score': 0.0, 'fvg_alignment_score': 0.0, 'order_block_alignment_score': 0.0, 'support_resistance_alignment_score': 0.0, 'bullish_candle_pattern_score': 0.0, 'bearish_candle_pattern_score': 0.0, 'hmm_state_allows_sweep_boost': False, 'orderflow_direction_aligned': False, 'size_model': 'kelly_vol_target', 'regime_model': 'hmm', 'regime_confidence': 0.9823779942789184, 'regime_size_mult': 0.9737222589611945, 'regime_trade_allowed': True, 'hmm_confidence': 0.9823779942789184, 'hmm_size_mult': 0.9737222589611945, 'hmm_trade_allowed': True, 'kelly_latent_regime_source': 'hmm', 'matched_legs': [{'side': 'long', 'option_type': 'put', 'strike': 510.0, 'expiry': '2024-06-10', 'bid': 1.164345000000003, 'ask': 1.224055000000003, 'mid': 1.194200000000003, 'symbol': None, 'delta': -0.45, 'gamma': None, 'theta': None, 'vega': None, 'iv': 0.22}, {'side': 'long', 'option_type': 'call', 'strike': 520.0, 'expiry': '2024-06-10', 'bid': 0.9806549999999972, 'ask': 1.0309449999999971, 'mid': 1.0057999999999971, 'symbol': None, 'delta': 0.45, 'gamma': None, 'theta': None, 'vega': None, 'iv': 0.22}], 'reprice_ok': True, 'last_reprice': {'full': False, 'missing_leg_count': 2, 'stale': True}, 'requested_size_fraction': 0.0120249009, 'resolved_quantity': 4, 'risk_capital': 913.0, 'entry_cost_breakdown': {'premium_cashflow': 913.0, 'commission': 5.2, 'extra_spread_cost': 0.0, 'underlying_slippage_cost': 0.0, 'market_impact_cost': 0.0, 'total': 0.0}, 'exit_cost_breakdown': {'commission': 5.2, 'extra_spread_cost': 0.0, 'underlying_slippage_cost': 0.0, 'market_impact_cost': 0.0, 'total': 0.0}}"
0eb63e66-c83f-46d7-9fe9-99953298eaf6,2024-09-19 00:00:00,2024-09-20 00:00:00,long_strangle,range|transition|low_liquidity|destabilizing,SPY,570.98,568.25,725.2530000000006,665.3070000000008,-59.94599999999983,-0.08265529408358156,3,regime_flip,"{'confidence': 0.2526314312, 'require_defined_risk': False, 'current_price': 570.98, 'sigma': 0.003459619020699304, 'forecast_return': 0.0018961147287775287, 'realized_vol': 0.1444301371474895, 'regime_penalty': 0.1136841467, 'vol_target': 0.15, 'base_kelly_fraction': 0.25, 'max_kelly_fraction': 0.25, 'max_capital_fraction': 0.5, 'raw_dynamic_size': 0.0944022618, 'regime_adjusted_kelly': True, 'regime_state_label': 'state_5', 'regime_state_confidence': 0.9180810795322648, 'kelly_regime_source': 'latent_state', 'kelly_direction_regime': 'state_5', 'kelly_volatility_regime': '', 'kelly_fraction_multiplier': 1.0, 'vault_enabled': True, 'vault_triggered': False, 'vault_size_multiplier': 0.5, 'vault_uncertainty_threshold': 0.03, 'forecast_uncertainty': 0.00886736034433014, 'mtf_overlay_multiplier': 1.0, 'mtf_overlay_signals': '', 'mtf_confluence_score': 0.0, 'mtf_confluence_liquidity_sweep_confirmed': 0.0, 'pool_confluence_score': 0.0, 'orderflow_confluence_score': 0.0, 'fvg_alignment_score': 0.0, 'order_block_alignment_score': 0.0, 'support_resistance_alignment_score': 0.0, 'bullish_candle_pattern_score': 0.0, 'bearish_candle_pattern_score': 0.0, 'hmm_state_allows_sweep_boost': False, 'orderflow_direction_aligned': False, 'size_model': 'kelly_vol_target', 'regime_model': 'hmm', 'regime_confidence': 0.9180810795322648, 'regime_size_mult': 0.8804769740636967, 'regime_trade_allowed': True, 'hmm_confidence': 0.9180810795322648, 'hmm_size_mult': 0.8804769740636967, 'hmm_trade_allowed': True, 'kelly_latent_regime_source': 'hmm', 'matched_legs': [{'side': 'long', 'option_type': 'put', 'strike': 565.0, 'expiry': '2024-10-24', 'bid': 1.1298300000000012, 'ask': 1.187770000000001, 'mid': 1.1588000000000012, 'symbol': None, 'delta': -0.45, 'gamma': None, 'theta': None, 'vega': None, 'iv': 0.22}, {'side': 'long', 'option_type': 'call', 'strike': 565.0, 'expiry': '2024-10-24', 'bid': 1.1298300000000012, 'ask': 1.187770000000001, 'mid': 1.1588000000000012, 'symbol': None, 'delta': 0.45, 'gamma': None, 'theta': None, 'vega': None, 'iv': 0.22}], 'reprice_ok': True, 'last_reprice': {'full': False, 'missing_leg_count': 2, 'stale': True}, 'requested_size_fraction': 0.0094493146, 'resolved_quantity': 3, 'risk_capital': 721.3530000000005, 'entry_cost_breakdown': {'premium_cashflow': 721.3530000000005, 'commission': 3.9000000000000004, 'extra_spread_cost': 0.0, 'underlying_slippage_cost': 0.0, 'market_impact_cost': 0.0, 'total': 0.0}, 'exit_cost_breakdown': {'commission': 3.9000000000000004, 'extra_spread_cost': 0.0, 'underlying_slippage_cost': 0.0, 'market_impact_cost': 0.0, 'total': 0.0}}"
5b67a028-113f-45cc-aedd-ebe680afa0bc,2025-01-21 00:00:00,2025-01-23 00:00:00,long_strangle,range|transition|low_liquidity|destabilizing,SPY,603.05,609.75,410.54499999999894,375.85499999999894,-34.69,-0.08449743633462857,2,regime_flip,"{'confidence': 0.1792444947, 'require_defined_risk': False, 'current_price': 603.05, 'sigma': 0.0030587014951331537, 'forecast_return': 0.001472522636009354, 'realized_vol': 0.13875560929162448, 'regime_penalty': 0.08066002, 'vol_target': 0.15, 'base_kelly_fraction': 0.25, 'max_kelly_fraction': 0.25, 'max_capital_fraction': 0.5, 'raw_dynamic_size': 0.082680214, 'regime_adjusted_kelly': True, 'regime_state_label': 'state_5', 'regime_state_confidence': 0.9705821463600727, 'kelly_regime_source': 'latent_state', 'kelly_direction_regime': 'state_5', 'kelly_volatility_regime': '', 'kelly_fraction_multiplier': 1.0, 'vault_enabled': True, 'vault_triggered': False, 'vault_size_multiplier': 0.5, 'vault_uncertainty_threshold': 0.03, 'forecast_uncertainty': 0.007839767379243006, 'mtf_overlay_multiplier': 1.0, 'mtf_overlay_signals': '', 'mtf_confluence_score': 0.0, 'mtf_confluence_liquidity_sweep_confirmed': 0.0, 'pool_confluence_score': 0.0, 'orderflow_confluence_score': 0.0, 'fvg_alignment_score': 0.0, 'order_block_alignment_score': 0.0, 'support_resistance_alignment_score': 0.0, 'bullish_candle_pattern_score': 0.0, 'bearish_candle_pattern_score': 0.0, 'hmm_state_allows_sweep_boost': False, 'orderflow_direction_aligned': False, 'size_model': 'kelly_vol_target', 'regime_model': 'hmm', 'regime_confidence': 0.9705821463600727, 'regime_size_mult': 0.9563059245964991, 'regime_trade_allowed': True, 'hmm_confidence': 0.9705821463600727, 'hmm_size_mult': 0.9563059245964991, 'hmm_trade_allowed': True, 'kelly_latent_regime_source': 'hmm', 'matched_legs': [{'side': 'long', 'option_type': 'put', 'strike': 600.0, 'expiry': '2025-02-25', 'bid': 0.9584249999999974, 'ask': 1.0075749999999972, 'mid': 0.9829999999999973, 'symbol': None, 'delta': -0.45, 'gamma': None, 'theta': None, 'vega': None, 'iv': 0.22}, {'side': 'long', 'option_type': 'call', 'strike': 600.0, 'expiry': '2025-02-25', 'bid': 0.9584249999999974, 'ask': 1.0075749999999972, 'mid': 0.9829999999999973, 'symbol': None, 'delta': 0.45, 'gamma': None, 'theta': None, 'vega': None, 'iv': 0.22}], 'reprice_ok': True, 'last_reprice': {'full': False, 'missing_leg_count': 2, 'stale': True}, 'requested_size_fraction': 0.0063775924, 'resolved_quantity': 2, 'risk_capital': 407.9449999999989, 'entry_cost_breakdown': {'premium_cashflow': 407.9449999999989, 'commission': 2.6, 'extra_spread_cost': 0.0, 'underlying_slippage_cost': 0.0, 'market_impact_cost': 0.0, 'total': 0.0}, 'exit_cost_breakdown': {'commission': 2.6, 'extra_spread_cost': 0.0, 'underlying_slippage_cost': 0.0, 'market_impact_cost': 0.0, 'total': 0.0}}"
88e77eee-3071-4f6e-97d5-04eee229c929,2025-02-14 00:00:00,2025-02-18 00:00:00,long_strangle,range|transition|low_liquidity|destabilizing,SPY,609.7,611.49,451.63000000000113,413.97000000000105,-37.66000000000008,-0.08338684321236407,2,zone_breach,"{'confidence': 0.2098203546, 'require_defined_risk': False, 'current_price': 609.7, 'sigma': 0.0024724026874704264, 'forecast_return': 0.0013736370601720614, 'realized_vol': 0.10825552693280725, 'regime_penalty': 0.09441916, 'vol_target': 0.15, 'base_kelly_fraction': 0.25, 'max_kelly_fraction': 0.25, 'max_capital_fraction': 0.5, 'raw_dynamic_size': 0.1624100962, 'regime_adjusted_kelly': True, 'regime_state_label': 'state_0', 'regime_state_confidence': 0.6095405453844291, 'kelly_regime_source': 'latent_state', 'kelly_direction_regime': 'state_0', 'kelly_volatility_regime': '', 'kelly_fraction_multiplier': 1.0, 'vault_enabled': True, 'vault_triggered': False, 'vault_size_multiplier': 0.5, 'vault_uncertainty_threshold': 0.03, 'forecast_uncertainty': 0.0063370230695688045, 'mtf_overlay_multiplier': 1.0, 'mtf_overlay_signals': '', 'mtf_confluence_score': 0.0, 'mtf_confluence_liquidity_sweep_confirmed': 0.0, 'pool_confluence_score': 0.0, 'orderflow_confluence_score': 0.0, 'fvg_alignment_score': 0.0, 'order_block_alignment_score': 0.0, 'support_resistance_alignment_score': 0.0, 'bullish_candle_pattern_score': 0.0, 'bearish_candle_pattern_score': 0.0, 'hmm_state_allows_sweep_boost': False, 'orderflow_direction_aligned': False, 'size_model': 'kelly_vol_target', 'regime_model': 'hmm', 'regime_confidence': 0.6095405453844291, 'regime_size_mult': 0.49054011092598826, 'regime_trade_allowed': True, 'hmm_confidence': 0.6095405453844291, 'hmm_size_mult': 0.49054011092598826, 'hmm_trade_allowed': True, 'kelly_latent_regime_source': 'hmm', 'matched_legs': [{'side': 'long', 'option_type': 'put', 'strike': 605.0, 'expiry': '2025-03-21', 'bid': 1.0549500000000027, 'ask': 1.1090500000000028, 'mid': 1.0820000000000027, 'symbol': None, 'delta': -0.45, 'gamma': None, 'theta': None, 'vega': None, 'iv': 0.22}, {'side': 'long', 'option_type': 'call', 'strike': 605.0, 'expiry': '2025-03-21', 'bid': 1.0549500000000027, 'ask': 1.1090500000000028, 'mid': 1.0820000000000027, 'symbol': None, 'delta': 0.45, 'gamma': None, 'theta': None, 'vega': None, 'iv': 0.22}], 'reprice_ok': True, 'last_reprice': {'full': False, 'missing_leg_count': 2, 'stale': True}, 'requested_size_fraction': 0.0073581017, 'resolved_quantity': 2, 'risk_capital': 449.0300000000011, 'entry_cost_breakdown': {'premium_cashflow': 449.0300000000011, 'commission': 2.6, 'extra_spread_cost': 0.0, 'underlying_slippage_cost': 0.0, 'market_impact_cost': 0.0, 'total': 0.0}, 'exit_cost_breakdown': {'commission': 2.6, 'extra_spread_cost': 0.0, 'underlying_slippage_cost': 0.0, 'market_impact_cost': 0.0, 'total': 0.0}}"
2ae04b9c-096e-45aa-8c03-a1448d3ecd64,2025-06-06 00:00:00,2025-06-10 00:00:00,long_strangle,range|transition|low_liquidity|destabilizing,SPY,599.14,603.08,688.6500000000001,631.3499999999999,-57.30000000000015,-0.08320627314310629,3,zone_breach,"{'confidence': 0.2425564587, 'require_defined_risk': False, 'current_price': 599.14, 'sigma': 0.004692298489382063, 'forecast_return': 0.0021122897325100962, 'realized_vol': 0.16047722201922093, 'regime_penalty': 0.1091504067, 'vol_target': 0.15, 'base_kelly_fraction': 0.25, 'max_kelly_fraction': 0.25, 'max_capital_fraction': 0.5, 'raw_dynamic_size': 0.0766663087, 'regime_adjusted_kelly': True, 'regime_state_label': 'state_5', 'regime_state_confidence': 0.990414735235486, 'kelly_regime_source': 'latent_state', 'kelly_direction_regime': 'state_5', 'kelly_volatility_regime': '', 'kelly_fraction_multiplier': 1.0, 'vault_enabled': True, 'vault_triggered': False, 'vault_size_multiplier': 0.5, 'vault_uncertainty_threshold': 0.03, 'forecast_uncertainty': 0.012026844950140291, 'mtf_overlay_multiplier': 1.0, 'mtf_overlay_signals': '', 'mtf_confluence_score': 0.0, 'mtf_confluence_liquidity_sweep_confirmed': 0.0, 'pool_confluence_score': 0.0, 'orderflow_confluence_score': 0.0, 'fvg_alignment_score': 0.0, 'order_block_alignment_score': 0.0, 'support_resistance_alignment_score': 0.0, 'bullish_candle_pattern_score': 0.0, 'bearish_candle_pattern_score': 0.0, 'hmm_state_allows_sweep_boost': False, 'orderflow_direction_aligned': False, 'size_model': 'kelly_vol_target', 'regime_model': 'hmm', 'regime_confidence': 0.990414735235486, 'regime_size_mult': 0.9856680415035318, 'regime_trade_allowed': True, 'hmm_confidence': 0.990414735235486, 'hmm_size_mult': 0.9856680415035318, 'hmm_trade_allowed': True, 'kelly_latent_regime_source': 'hmm', 'matched_legs': [{'side': 'long', 'option_type': 'put', 'strike': 595.0, 'expiry': '2025-07-11', 'bid': 1.022189999999999, 'ask': 1.0746099999999992, 'mid': 1.048399999999999, 'symbol': None, 'delta': -0.45, 'gamma': None, 'theta': None, 'vega': None, 'iv': 0.22}, {'side': 'long', 'option_type': 'call', 'strike': 605.0, 'expiry': '2025-07-11', 'bid': 1.1228100000000008, 'ask': 1.180390000000001, 'mid': 1.1516000000000008, 'symbol': None, 'delta': 0.45, 'gamma': None, 'theta': None, 'vega': None, 'iv': 0.22}], 'reprice_ok': True, 'last_reprice': {'full': False, 'missing_leg_count': 2, 'stale': True}, 'requested_size_fraction': 0.0082482267, 'resolved_quantity': 3, 'risk_capital': 684.75, 'entry_cost_breakdown': {'premium_cashflow': 684.75, 'commission': 3.9000000000000004, 'extra_spread_cost': 0.0, 'underlying_slippage_cost': 0.0, 'market_impact_cost': 0.0, 'total': 0.0}, 'exit_cost_breakdown': {'commission': 3.9000000000000004, 'extra_spread_cost': 0.0, 'underlying_slippage_cost': 0.0, 'market_impact_cost': 0.0, 'total': 0.0}}"
fb4c1369-0bf7-4608-ba52-8a88c3e7dffd,2025-10-28 00:00:00,2025-11-03 00:00:00,long_strangle,range|transition|low_liquidity|destabilizing,SPY,687.06,683.34,611.709000000002,559.9710000000019,-51.73800000000011,-0.08457943237715963,3,regime_flip,"{'confidence': 0.2128024948, 'require_defined_risk': False, 'current_price': 687.06, 'sigma': 0.0029334481221044185, 'forecast_return': 0.001383523493961674, 'realized_vol': 0.1366779563954036, 'regime_penalty': 0.09576112, 'vol_target': 0.15, 'base_kelly_fraction': 0.25, 'max_kelly_fraction': 0.25, 'max_capital_fraction': 0.5, 'raw_dynamic_size': 0.0812797516, 'regime_adjusted_kelly': True, 'regime_state_label': 'state_0', 'regime_state_confidence': 0.935859970420752, 'kelly_regime_source': 'latent_state', 'kelly_direction_regime': 'state_0', 'kelly_volatility_regime': '', 'kelly_fraction_multiplier': 1.0, 'vault_enabled': True, 'vault_triggered': False, 'vault_size_multiplier': 0.5, 'vault_uncertainty_threshold': 0.03, 'forecast_uncertainty': 0.007518730066653571, 'mtf_overlay_multiplier': 1.0, 'mtf_overlay_signals': '', 'mtf_confluence_score': 0.0, 'mtf_confluence_liquidity_sweep_confirmed': 0.0, 'pool_confluence_score': 0.0, 'orderflow_confluence_score': 0.0, 'fvg_alignment_score': 0.0, 'order_block_alignment_score': 0.0, 'support_resistance_alignment_score': 0.0, 'bullish_candle_pattern_score': 0.0, 'bearish_candle_pattern_score': 0.0, 'hmm_state_allows_sweep_boost': False, 'orderflow_direction_aligned': False, 'size_model': 'kelly_vol_target', 'regime_model': 'hmm', 'regime_confidence': 0.935859970420752, 'regime_size_mult': 0.9058469273283414, 'regime_trade_allowed': True, 'hmm_confidence': 0.935859970420752, 'hmm_size_mult': 0.9058469273283414, 'hmm_trade_allowed': True, 'kelly_latent_regime_source': 'hmm', 'matched_legs': [{'side': 'long', 'option_type': 'put', 'strike': 690.0, 'expiry': '2025-12-02', 'bid': 0.9519900000000032, 'ask': 1.0008100000000033, 'mid': 0.9764000000000033, 'symbol': None, 'delta': -0.45, 'gamma': None, 'theta': None, 'vega': None, 'iv': 0.22}, {'side': 'long', 'option_type': 'call', 'strike': 690.0, 'expiry': '2025-12-02', 'bid': 0.9519900000000032, 'ask': 1.0008100000000033, 'mid': 0.9764000000000033, 'symbol': None, 'delta': 0.45, 'gamma': None, 'theta': None, 'vega': None, 'iv': 0.22}], 'reprice_ok': True, 'last_reprice': {'full': False, 'missing_leg_count': 2, 'stale': True}, 'requested_size_fraction': 0.0070506052, 'resolved_quantity': 3, 'risk_capital': 607.809000000002, 'entry_cost_breakdown': {'premium_cashflow': 607.809000000002, 'commission': 3.9000000000000004, 'extra_spread_cost': 0.0, 'underlying_slippage_cost': 0.0, 'market_impact_cost': 0.0, 'total': 0.0}, 'exit_cost_breakdown': {'commission': 3.9000000000000004, 'extra_spread_cost': 0.0, 'underlying_slippage_cost': 0.0, 'market_impact_cost': 0.0, 'total': 0.0}}"
53c03798-a5db-4090-91a2-7597c9a0c188,2025-10-31 00:00:00,2025-11-03 00:00:00,long_strangle,range|transition|low_liquidity|destabilizing,SPY,682.06,683.34,611.709000000002,559.9710000000019,-51.73800000000011,-0.08457943237715963,3,regime_flip,"{'confidence': 0.2364532931, 'require_defined_risk': False, 'current_price': 682.06, 'sigma': 0.0029245973268338726, 'forecast_return': 0.0014420489032898381, 'realized_vol': 0.14339646248995752, 'regime_penalty': 0.10640398, 'vol_target': 0.15, 'base_kelly_fraction': 0.25, 'max_kelly_fraction': 0.25, 'max_capital_fraction': 0.5, 'raw_dynamic_size': 0.0733594277, 'regime_adjusted_kelly': True, 'regime_state_label': 'state_3', 'regime_state_confidence': 0.9210223976540732, 'kelly_regime_source': 'latent_state', 'kelly_direction_regime': 'state_3', 'kelly_volatility_regime': '', 'kelly_fraction_multiplier': 1.0, 'vault_enabled': True, 'vault_triggered': False, 'vault_size_multiplier': 0.5, 'vault_uncertainty_threshold': 0.03, 'forecast_uncertainty': 0.007496044565583005, 'mtf_overlay_multiplier': 1.0, 'mtf_overlay_signals': '', 'mtf_confluence_score': 0.0, 'mtf_confluence_liquidity_sweep_confirmed': 0.0, 'pool_confluence_score': 0.0, 'orderflow_confluence_score': 0.0, 'fvg_alignment_score': 0.0, 'order_block_alignment_score': 0.0, 'support_resistance_alignment_score': 0.0, 'bullish_candle_pattern_score': 0.0, 'bearish_candle_pattern_score': 0.0, 'hmm_state_allows_sweep_boost': False, 'orderflow_direction_aligned': False, 'size_model': 'kelly_vol_target', 'regime_model': 'hmm', 'regime_confidence': 0.9210223976540732, 'regime_size_mult': 0.8846523273172655, 'regime_trade_allowed': True, 'hmm_confidence': 0.9210223976540732, 'hmm_size_mult': 0.8846523273172655, 'hmm_trade_allowed': True, 'kelly_latent_regime_source': 'hmm', 'matched_legs': [{'side': 'long', 'option_type': 'put', 'strike': 685.0, 'expiry': '2025-12-05', 'bid': 0.9519900000000032, 'ask': 1.0008100000000033, 'mid': 0.9764000000000033, 'symbol': None, 'delta': -0.45, 'gamma': None, 'theta': None, 'vega': None, 'iv': 0.22}, {'side': 'long', 'option_type': 'call', 'strike': 685.0, 'expiry': '2025-12-05', 'bid': 0.9519900000000032, 'ask': 1.0008100000000033, 'mid': 0.9764000000000033, 'symbol': None, 'delta': 0.45, 'gamma': None, 'theta': None, 'vega': None, 'iv': 0.22}], 'reprice_ok': True, 'last_reprice': {'full': False, 'missing_leg_count': 2, 'stale': True}, 'requested_size_fraction': 0.0069053617, 'resolved_quantity': 3, 'risk_capital': 607.809000000002, 'entry_cost_breakdown': {'premium_cashflow': 607.809000000002, 'commission': 3.9000000000000004, 'extra_spread_cost': 0.0, 'underlying_slippage_cost': 0.0, 'market_impact_cost': 0.0, 'total': 0.0}, 'exit_cost_breakdown': {'commission': 3.9000000000000004, 'extra_spread_cost': 0.0, 'underlying_slippage_cost': 0.0, 'market_impact_cost': 0.0, 'total': 0.0}}"
c9bc5e9f-311e-4caa-80e8-289bcd7e3b2c,2025-11-10 00:00:00,2025-11-11 00:00:00,long_strangle,range|transition|low_liquidity|destabilizing,SPY,681.44,683.0,918.1999999999999,841.8,-76.39999999999998,-0.08320627314310605,4,regime_flip,"{'confidence': 0.2129438549, 'require_defined_risk': False, 'current_price': 681.44, 'sigma': 0.0026381691022271773, 'forecast_return': 0.0013048299541665264, 'realized_vol': 0.11728575570142173, 'regime_penalty': 0.0958247333, 'vol_target': 0.15, 'base_kelly_fraction': 0.25, 'max_kelly_fraction': 0.25, 'max_capital_fraction': 0.5, 'raw_dynamic_size': 0.1213135651, 'regime_adjusted_kelly': True, 'regime_state_label': 'state_3', 'regime_state_confidence': 0.9356350995295597, 'kelly_regime_source': 'latent_state', 'kelly_direction_regime': 'state_3', 'kelly_volatility_regime': '', 'kelly_fraction_multiplier': 1.0, 'vault_enabled': True, 'vault_triggered': False, 'vault_size_multiplier': 0.5, 'vault_uncertainty_threshold': 0.03, 'forecast_uncertainty': 0.006761899486261264, 'mtf_overlay_multiplier': 1.0, 'mtf_overlay_signals': '', 'mtf_confluence_score': 0.0, 'mtf_confluence_liquidity_sweep_confirmed': 0.0, 'pool_confluence_score': 0.0, 'orderflow_confluence_score': 0.0, 'fvg_alignment_score': 0.0, 'order_block_alignment_score': 0.0, 'support_resistance_alignment_score': 0.0, 'bullish_candle_pattern_score': 0.0, 'bearish_candle_pattern_score': 0.0, 'hmm_state_allows_sweep_boost': False, 'orderflow_direction_aligned': False, 'size_model': 'kelly_vol_target', 'regime_model': 'hmm', 'regime_confidence': 0.9356350995295597, 'regime_size_mult': 0.9055240695006244, 'regime_trade_allowed': True, 'hmm_confidence': 0.9356350995295597, 'hmm_size_mult': 0.9055240695006244, 'hmm_trade_allowed': True, 'kelly_latent_regime_source': 'hmm', 'matched_legs': [{'side': 'long', 'option_type': 'put', 'strike': 675.0, 'expiry': '2025-12-15', 'bid': 1.1567400000000032, 'ask': 1.2160600000000032, 'mid': 1.1864000000000032, 'symbol': None, 'delta': -0.45, 'gamma': None, 'theta': None, 'vega': None, 'iv': 0.22}, {'side': 'long', 'option_type': 'call', 'strike': 685.0, 'expiry': '2025-12-15', 'bid': 0.9882599999999968, 'ask': 1.0389399999999966, 'mid': 1.0135999999999967, 'symbol': None, 'delta': 0.45, 'gamma': None, 'theta': None, 'vega': None, 'iv': 0.22}], 'reprice_ok': True, 'last_reprice': {'full': False, 'missing_leg_count': 2, 'stale': True}, 'requested_size_fraction': 0.0105265724, 'resolved_quantity': 4, 'risk_capital': 912.9999999999999, 'entry_cost_breakdown': {'premium_cashflow': 912.9999999999999, 'commission': 5.2, 'extra_spread_cost': 0.0, 'underlying_slippage_cost': 0.0, 'market_impact_cost': 0.0, 'total': 0.0}, 'exit_cost_breakdown': {'commission': 5.2, 'extra_spread_cost': 0.0, 'underlying_slippage_cost': 0.0, 'market_impact_cost': 0.0, 'total': 0.0}}"
d3ee01b2-0fce-42d4-bc07-0f4e65bc34be,2025-12-03 00:00:00,2025-12-04 00:00:00,long_strangle,range|transition|low_liquidity|destabilizing,SPY,683.89,684.39,431.4609999999997,395.2589999999996,-36.202000000000055,-0.08390561371711483,2,regime_flip,"{'confidence': 0.20775886, 'require_defined_risk': False, 'current_price': 683.89, 'sigma': 0.003256557596096666, 'forecast_return': 0.001306127539325049, 'realized_vol': 0.1404697605677822, 'regime_penalty': 0.0934914867, 'vol_target': 0.15, 'base_kelly_fraction': 0.25, 'max_kelly_fraction': 0.25, 'max_capital_fraction': 0.5, 'raw_dynamic_size': 0.070685172, 'regime_adjusted_kelly': True, 'regime_state_label': 'state_5', 'regime_state_confidence': 0.9973473690176803, 'kelly_regime_source': 'latent_state', 'kelly_direction_regime': 'state_5', 'kelly_volatility_regime': '', 'kelly_fraction_multiplier': 1.0, 'vault_enabled': True, 'vault_triggered': False, 'vault_size_multiplier': 0.5, 'vault_uncertainty_threshold': 0.03, 'forecast_uncertainty': 0.008346892971127685, 'mtf_overlay_multiplier': 1.0, 'mtf_overlay_signals': '', 'mtf_confluence_score': 0.0, 'mtf_confluence_liquidity_sweep_confirmed': 0.0, 'pool_confluence_score': 0.0, 'orderflow_confluence_score': 0.0, 'fvg_alignment_score': 0.0, 'order_block_alignment_score': 0.0, 'support_resistance_alignment_score': 0.0, 'bullish_candle_pattern_score': 0.0, 'bearish_candle_pattern_score': 0.0, 'hmm_state_allows_sweep_boost': False, 'orderflow_direction_aligned': False, 'size_model': 'kelly_vol_target', 'regime_model': 'hmm', 'regime_confidence': 0.9973473690176803, 'regime_size_mult': 0.9960245717520847, 'regime_trade_allowed': True, 'hmm_confidence': 0.9973473690176803, 'hmm_size_mult': 0.9960245717520847, 'hmm_trade_allowed': True, 'kelly_latent_regime_source': 'hmm', 'matched_legs': [{'side': 'long', 'option_type': 'put', 'strike': 680.0, 'expiry': '2026-01-07', 'bid': 1.0075649999999992, 'ask': 1.0592349999999993, 'mid': 1.0333999999999992, 'symbol': None, 'delta': -0.45, 'gamma': None, 'theta': None, 'vega': None, 'iv': 0.22}, {'side': 'long', 'option_type': 'call', 'strike': 680.0, 'expiry': '2026-01-07', 'bid': 1.0075649999999992, 'ask': 1.0592349999999993, 'mid': 1.0333999999999992, 'symbol': None, 'delta': 0.45, 'gamma': None, 'theta': None, 'vega': None, 'iv': 0.22}], 'reprice_ok': True, 'last_reprice': {'full': False, 'missing_leg_count': 2, 'stale': True}, 'requested_size_fraction': 0.0065821903, 'resolved_quantity': 2, 'risk_capital': 428.86099999999965, 'entry_cost_breakdown': {'premium_cashflow': 428.86099999999965, 'commission': 2.6, 'extra_spread_cost': 0.0, 'underlying_slippage_cost': 0.0, 'market_impact_cost': 0.0, 'total': 0.0}, 'exit_cost_breakdown': {'commission': 2.6, 'extra_spread_cost': 0.0, 'underlying_slippage_cost': 0.0, 'market_impact_cost': 0.0, 'total': 0.0}}"
5234cc64-1ce7-483c-8f6f-2156df12ec6f,2026-02-20 00:00:00,2026-03-06 00:00:00,long_strangle,range|transition|low_liquidity|destabilizing,SPY,689.43,672.38,473.29300000000126,434.06700000000114,-39.22600000000011,-0.08287889320146297,2,regime_flip,"{'confidence': 0.1693099411, 'require_defined_risk': False, 'current_price': 689.43, 'sigma': 0.0025980773201335983, 'forecast_return': 0.0015168812295874633, 'realized_vol': 0.11529164044190827, 'regime_penalty': 0.0761894733, 'vol_target': 0.15, 'base_kelly_fraction': 0.25, 'max_kelly_fraction': 0.25, 'max_capital_fraction': 0.5, 'raw_dynamic_size': 0.1484736484, 'regime_adjusted_kelly': True, 'regime_state_label': 'state_0', 'regime_state_confidence': 0.6216897013806012, 'kelly_regime_source': 'latent_state', 'kelly_direction_regime': 'state_0', 'kelly_volatility_regime': '', 'kelly_fraction_multiplier': 1.0, 'vault_enabled': True, 'vault_triggered': False, 'vault_size_multiplier': 0.5, 'vault_uncertainty_threshold': 0.03, 'forecast_uncertainty': 0.0066591401140462655, 'mtf_overlay_multiplier': 1.0, 'mtf_overlay_signals': '', 'mtf_confluence_score': 0.0, 'mtf_confluence_liquidity_sweep_confirmed': 0.0, 'pool_confluence_score': 0.0, 'orderflow_confluence_score': 0.0, 'fvg_alignment_score': 0.0, 'order_block_alignment_score': 0.0, 'support_resistance_alignment_score': 0.0, 'bullish_candle_pattern_score': 0.0, 'bearish_candle_pattern_score': 0.0, 'hmm_state_allows_sweep_boost': False, 'orderflow_direction_aligned': False, 'size_model': 'kelly_vol_target', 'regime_model': 'hmm', 'regime_confidence': 0.6216897013806012, 'regime_size_mult': 0.5040938930916511, 'regime_trade_allowed': True, 'hmm_confidence': 0.6216897013806012, 'hmm_size_mult': 0.5040938930916511, 'hmm_trade_allowed': True, 'kelly_latent_regime_source': 'hmm', 'matched_legs': [{'side': 'long', 'option_type': 'put', 'strike': 695.0, 'expiry': '2026-03-27', 'bid': 1.1058450000000029, 'ask': 1.1625550000000031, 'mid': 1.134200000000003, 'symbol': None, 'delta': -0.45, 'gamma': None, 'theta': None, 'vega': None, 'iv': 0.22}, {'side': 'long', 'option_type': 'call', 'strike': 695.0, 'expiry': '2026-03-27', 'bid': 1.1058450000000029, 'ask': 1.1625550000000031, 'mid': 1.134200000000003, 'symbol': None, 'delta': 0.45, 'gamma': None, 'theta': None, 'vega': None, 'iv': 0.22}], 'reprice_ok': True, 'last_reprice': {'full': False, 'missing_leg_count': 2, 'stale': True}, 'requested_size_fraction': 0.0057023752, 'resolved_quantity': 2, 'risk_capital': 470.69300000000123, 'entry_cost_breakdown': {'premium_cashflow': 470.69300000000123, 'commission': 2.6, 'extra_spread_cost': 0.0, 'underlying_slippage_cost': 0.0, 'market_impact_cost': 0.0, 'total': 0.0}, 'exit_cost_breakdown': {'commission': 2.6, 'extra_spread_cost': 0.0, 'underlying_slippage_cost': 0.0, 'market_impact_cost': 0.0, 'total': 0.0}}"
